sample.id	AMP.ID	sampletype	Primers	Golay.Barcode	Acanthocephalan	Cestode	Infection
8254-001-00-01	AMP23-01	amphipode	515rcbc0	AGCCTTCGTCGC	0	0	non-infecte
8254-002-00-01	AMP23-02	amphipode	515rcbc12	CGTATAAATGCG	0	0	non-infecte
8254-003-00-01	AMP23-03	amphipode	515rcbc24	TGACTAATGGCC	0	0	non-infecte
8254-004-00-01	AMP23-04	amphipode	515rcbc36	GTGGAGTCTCAT	0	0	non-infecte
8254-006-00-01	AMP23-06	amphipode	515rcbc60	TGTGCACGCCAT	1	0	acanthocephale
8254-007-00-01	AMP23-07	amphipode	515rcbc72	GGTGAGCAAGCA	0	0	non-infecte
8254-008-00-01	AMP23-08	amphipode	515rcbc84	CTATGTATTAGT	0	0	non-infecte
8254-009-00-01	AMP23-09	amphipode	515rcbc1	TCCATACCGGAA	0	0	non-infecte
8254-010-00-01	AMP23-10	amphipode	515rcbc13	ATGCTGCAACAC	0	1	cestode
8254-012-00-01	AMP23-12	amphipode	515rcbc37	ACCTTACACCTT	0	0	non-infecte
8254-013-00-01	AMP23-13	amphipode	515rcbc49	GTAGTAGACCAT	0	1	cestode
8254-014-00-01	AMP23-14	amphipode	515rcbc61	CCGGACAAGAAG	0	0	non-infecte
8254-015-00-01	AMP23-15	amphipode	515rcbc73	TAAATATACCCT	0	0	non-infecte
8254-016-00-01	AMP23-16	amphipode	515rcbc85	ACTCCCGTGTGA	0	0	non-infecte
8254-017-00-01	AMP23-17	amphipode	515rcbc2	AGCCCTGCTACA	0	0	non-infecte
8254-019-00-01	AMP23-19	amphipode	515rcbc26	CTGTCTATACTA	1	0	acanthocephale
8254-020-00-01	AMP23-20	amphipode	515rcbc38	TAATCTCGCCGG	0	0	non-infecte
8254-021-00-01	AMP23-21	amphipode	515rcbc50	AGTAAAGATCGT	0	0	non-infecte
8254-022-00-01	AMP23-22	amphipode	515rcbc62	TTGCTGGACGCT	1	0	acanthocephale
8254-023-00-01	AMP23-23	amphipode	515rcbc74	TTGCGGACCCTA	1	0	acanthocephale
8254-027-00-01	AMP23-27	amphipode	515rcbc27	TATGCCAGAGAT	1	0	acanthocephale
8254-028-00-01	AMP23-28	amphipode	515rcbc39	ATCTAGTGGCAA	1	0	acanthocephale
8254-029-00-01	AMP23-29	amphipode	515rcbc51	CTCGCCCTCGCC	1	0	acanthocephale
8254-030-00-01	AMP23-30	amphipode	515rcbc63	TACTAACGCGGT	1	0	acanthocephale
8254-031-00-01	AMP23-31	amphipode	515rcbc75	GTCGTCCAAATG	0	0	non-infecte
8254-034-00-01	AMP23-34	amphipode	515rcbc16	CGTCCGTATGAA	1	0	acanthocephale
8254-035-00-01	AMP23-35	amphipode	515rcbc28	CGTTTGGAATGA	0	0	non-infecte
8254-036-00-01	AMP23-36	amphipode	515rcbc40	ACGCTTAACGAC	0	0	non-infecte
8254-039-00-01	AMP23-39	amphipode	515rcbc76	TGCACAGTCGCT	0	0	non-infecte
8254-040-00-01	AMP23-40	amphipode	515rcbc88	GTCATGCTCCAG	0	0	non-infecte
8254-041-00-01	AMP23-41	amphipode	515rcbc5	TATGGTACCCAG	0	0	non-infecte
8254-042-00-01	AMP23-42	amphipode	515rcbc17	ACGTGAGGAACG	0	1	cestode
8254-043-00-01	AMP23-43	amphipode	515rcbc29	AAGAACTCATGA	0	1	cestode
8254-044-00-01	AMP23-44	amphipode	515rcbc41	TACGGATTATGG	0	0	non-infecte
8254-045-00-01	AMP23-45	amphipode	515rcbc53	ACATACTGAGCA	0	1	cestode
8254-046-00-01	AMP23-46	amphipode	515rcbc65	CAAACGCACTAA	0	1	cestode
8254-049-00-01	AMP23-49	amphipode	515rcbc6	TACAATATCTGT	0	0	non-infecte
8254-050-00-01	AMP23-50	amphipode	515rcbc18	GGTTGCCCTGTA	1	0	acanthocephale
8254-051-00-01	AMP23-51	amphipode	515rcbc30	TGATATCGTCTT	0	0	non-infecte
8254-052-00-01	AMP23-52	amphipode	515rcbc42	ATACATGCAAGA	0	0	non-infecte
8254-053-00-01	AMP23-53	amphipode	515rcbc54	GTTGATACGATG	0	0	non-infecte
8254-054-00-01	AMP23-54	amphipode	515rcbc66	GAAGAGGGTTGA	0	0	non-infecte
8254-055-00-01	AMP23-55	amphipode	515rcbc78	GGTTCATGAACA	0	0	non-infecte
8254-058-00-01	AMP23-58	amphipode	515rcbc31	CGGTGACCTACT	1	0	acanthocephale
8254-060-00-01	AMP23-60	amphipode	515rcbc55	GTCAACGCTGTC	1	0	acanthocephale
8254-061-00-01	AMP23-61	amphipode	515rcbc67	TGAGTGGTCTGT	0	0	non-infecte
8254-067-00-01	AMP23-67	amphipode	515rcbc44	AATCTTGCGCCG	0	0	non-infecte
8254-069-00-01	AMP23-69	amphipode	515rcbc68	TTACACAAAGGC	0	0	non-infecte
8254-072-00-01	AMP23-72	amphipode	515rcbc9	GCCTCTACGTCG	0	0	non-infecte
8254-074-00-01	AMP23-74	amphipode	515rcbc33	CTTGATTCTTGA	0	0	non-infecte
8254-075-00-01	AMP23-75	amphipode	515rcbc45	AGGATCAGGGAA	0	0	non-infecte
8254-077-00-01	AMP23-77	amphipode	515rcbc69	ACGACGCATTTG	0	0	non-infecte
8254-078-00-01	AMP23-78	amphipode	515rcbc81	GCTCGAAGATTC	0	1	cestode
8254-079-00-01	AMP23-79	amphipode	515rcbc93	CGCACCCATACA	0	0	non-infecte
8254-081-00-01	AMP23-81	amphipode	515rcbc22	CACGTTTATTCC	0	1	cestode
8254-083-00-01	AMP23-83	amphipode	515rcbc46	AATAACTAGGGT	0	0	non-infecte
8254-084-00-01	AMP23-84	amphipode	515rcbc58	ATTACGTATCAT	0	1	cestode
8254-089-00-01	AMP23-89	amphipode	515rcbc23	TAATCGGTGCCA	0	0	non-infecte
8254-090-00-01	AMP23-90	amphipode	515rcbc35	GAGATACAGTTC	0	0	non-infecte
8254-091-00-01	AMP23-91	amphipode	515rcbc47	TATTGCAGCAGC	1	0	acanthocephale
8254-093-00-01	AMP23-93	amphipode	515rcbc71	AGAGCCAAGAGC	0	1	cestode
8254-094-00-01	AMP23-94	amphipode	515rcbc83	TGTCAAAGTGAC	0	1	cestode
